name,website_url
Lilikiwi,https://lilikiwi.fr/en
Nerdy Nuts,https://nerdynuts.com/
Bearaby,https://bearaby.com/
Hamel's Treats,https://hamelstreats.com/
Emani,https://emani.com/
Crav Burgers,https://www.cravburgers.shop/
Vol Dog Food,https://www.voldogfood.com/
Happy Pet,https://happypet.care/
Manitobah,https://www.manitobah.com/
Seerov,https://seerov.com/
Sherclan,https://www.sherclan.com.au/
Tato Pow,https://tatopow.com/
Articles of Style,https://articlesofstyle.com/
Penrose Skin,https://penroseskin.com/
GODA,https://godaclothing.com/
Thomson Carter,https://www.thomsoncarter.com/
Anglo Spirit,https://anglospirit.com/
Bay Smokes,https://baysmokes.com/
Mystery Shirt In A Box,https://mysteryshirtinabox.com/
Frido,https://myfrido.com/
Tasty Gains,https://tastygains.com/
GymProLuxe,https://www.gymproluxestore.com/
SNOW,https://www.trysnow.com/
Lansinoh,https://lansinoh.com/
Resilia,https://www.resilia.com/
Jennah Organics,https://jennahorganics.com/
Sans,https://sansdrinks.com.au/
Setu,https://setu.in/
AdTok,https://www.adtok.co/
White Lion Labs,https://whitelionlabs.com/
HumeHealth,https://humehealth.com/
Yorkshire Dental Suite,https://www.yorkshiredentalsuite.co.uk/
Bloom & Bond,https://trybloomandbond.com/
WeightRx,https://weightrx.com/
Everydaisy,https://everydaisy.com/
Zorvera,https://zorvera.com/
Sacrasoul,https://sacrasoul.com/
iRestore,https://www.irestorelaser.com/
Aloesun,https://aloesun.com/
Plantmade,https://www.plantmade.co/
Primal,https://primalharvest.com/
Skin Choice,https://www.skinchoice.com/
Dermovia,https://www.dermovia.com/
Full Hair Club,https://fullhairclub.com/
Vayose,https://vayose.com/
Stretched Fusion,https://stretchedfusion.com/
Holy Gels,https://holygels.com/
Nurecover,https://nurecover.com/
Nomadica,https://www.explorenomadica.com/
The Fresh Cookie Lab,https://thefreshcookielab.com/
Flo Pilates,https://www.flopilates.com/
AVA Mayfair,https://avamayfair.com/
Sadboy Saga,https://sadboysaga.com/
Javvy Coffee,https://javvycoffee.com/
Fat Cow Skincare,https://fatcowskin.com/
Fem8,https://fem-8.com/
Zoomie,https://tryzoomie.com/
JOGA,https://shopjoga.com/en-us
Dead Simple,https://dead-simple.co.uk/
Rugged Beard,https://ruggedevo.com/
OMA & ME,https://oma-and-me.com/
